txn_date,txn_cnt,total_value,success_cnt,failure_cnt,success_rate_pct,failure_rate_pct,success_value,success_rate_pct_roll_mean,success_rate_pct_roll_std,success_rate_pct_z,txn_cnt_roll_mean,txn_cnt_roll_std,txn_cnt_z,total_value_roll_mean,total_value_roll_std,total_value_z,success_rate_drop_pp,alert_success_rate_drop,alert_volume_anomaly,alert_value_anomaly,alert_any,severity
2026-01-07,25,86957.73,6,19,24.0,76.0,18666.5,40.29571428571428,7.644996229360666,-2.131552952652935,29.857142857142858,6.512155040023704,-0.7458579882221565,102187.22714285714,21953.876904164787,-0.6937042240574837,-16.295714285714283,True,False,False,True,MEDIUM
2026-01-09,36,109776.16,12,24,33.33,66.67,42508.88,41.62428571428571,8.905806865094672,-0.9313345595663266,28.142857142857142,3.870347766898306,2.0300870439452954,94407.24857142857,10762.52333937992,1.4280026109060133,-8.294285714285714,True,True,False,True,HIGH
2026-01-10,41,152892.64,17,24,41.46,58.54,48295.87,40.64999999999999,8.487617872103879,0.09543313709518235,29.857142857142858,5.962467644202631,1.8688331422127644,102247.16571428573,23262.819001808664,2.177099614701754,0.8100000000000094,False,False,True,True,LOW
2026-01-11,30,106012.45,10,20,33.33,66.67,41487.51,38.81857142857143,8.486384773895908,-0.6467502446335288,30.428571428571427,5.7534373044577904,-0.07448963217855313,106325.45571428572,20947.8160154533,-0.014942164570035372,-5.488571428571433,True,False,False,True,MEDIUM
2026-01-13,24,86768.82,8,16,33.33,66.67,23688.3,38.355714285714285,9.547696591538804,-0.5263797647453616,31.714285714285715,5.64963426665291,-1.3654486910452692,109651.31142857144,20737.765736511752,-1.1034212518026274,-5.025714285714287,True,False,False,True,MEDIUM
2026-01-14,26,92804.25,4,22,15.38,84.62,13748.59,37.12428571428571,11.64530298586744,-1.8672151115925655,31.857142857142858,5.48839220351387,-1.067187372905475,110486.52857142859,19908.096777764593,-0.8881953292078613,-21.74428571428571,True,False,False,True,MEDIUM
2026-01-15,28,99577.57,6,22,21.43,78.57,18288.79,32.81285714285714,11.056008985790383,-1.029562942422246,31.428571428571427,5.653245410688394,-0.6064784348631225,109484.43714285715,20252.465707198447,-0.4891684442816208,-11.38285714285714,True,False,False,True,MEDIUM
2026-01-19,25,70578.48,6,19,24.0,76.0,14659.36,30.057142857142857,10.080056284261403,-0.6009036741789069,27.285714285714285,3.614031611621001,-0.6324555320336762,94008.17,13396.520821779486,-1.7489384230201785,-6.057142857142857,True,False,False,True,MEDIUM
2026-01-23,28,85445.71,7,21,25.0,75.0,19501.38,32.64857142857143,7.713134305606684,-0.991629488807381,28.857142857142858,4.015276949301482,-0.21347042008944628,95611.55857142856,19241.03855759382,-0.5283419884534463,-7.6485714285714295,True,False,False,True,MEDIUM
2026-01-27,25,78166.47,7,18,28.0,72.0,25554.28,35.22714285714285,8.863136681600643,-0.8154159319404359,27.142857142857142,3.1815796359028687,-0.673519882600406,91550.19285714286,15521.35420554047,-0.862278038366358,-7.2271428571428515,True,False,False,True,MEDIUM
2026-02-01,30,98444.0,10,20,33.33,66.67,40230.27,39.56285714285714,7.5055669135567396,-0.830431227200067,28.142857142857142,3.0438965360946413,0.6101202308031126,95476.89571428571,11198.903378357882,0.264945967071051,-6.232857142857142,True,False,False,True,MEDIUM
2026-02-02,42,135041.75,14,28,33.33,66.67,37634.67,37.49142857142857,6.915839848950136,-0.6017242536436557,30.857142857142858,5.054801717986889,2.2044103338824663,102086.76142857144,17289.58028577857,1.906060646164758,-4.161428571428573,False,True,False,True,LOW
2026-02-07,36,137628.55,11,25,30.56,69.44,37074.63,39.48428571428571,6.395214409770706,-1.3954630982584497,32.714285714285715,5.229430062206599,0.6283121194143768,111264.37285714285,20510.441838109593,1.2854026915144736,-8.924285714285713,True,False,False,True,MEDIUM
2026-02-09,28,95155.96,9,19,32.14,67.86,30188.43,43.432857142857145,9.779928007748053,-1.1546973693375338,31.714285714285715,4.333071682315162,-0.8571946154145252,109139.2342857143,19240.849534117187,-0.7267493184705616,-11.292857142857144,True,False,False,True,MEDIUM
2026-02-11,25,83666.89,8,17,32.0,68.0,20611.14,41.37142857142857,10.60323189082519,-0.8838275601175445,30.285714285714285,4.651091598885621,-1.1364459661428117,104670.42714285714,17677.902064890164,-1.1881238546157562,-9.371428571428567,True,False,False,True,MEDIUM
2026-02-14,27,82133.9,10,17,37.04,62.96,23560.59,43.05714285714286,10.434287865748491,-0.5766701987295829,29.0,4.40778532015471,-0.4537426064865158,95769.99571428572,14681.182051026935,-0.9288145645828219,-6.017142857142858,True,False,False,True,MEDIUM
2026-02-15,28,102879.81,9,19,32.14,67.86,29394.94,38.76857142857143,7.441605872335873,-0.8907447588984929,27.714285714285715,2.9623487647610935,0.09644856443408238,92830.85142857142,10229.125734720737,0.9823868463479125,-6.628571428571426,True,False,False,True,MEDIUM
2026-02-16,40,139680.74,16,24,40.0,60.0,64268.5,39.89142857142857,6.932277359407597,0.01566172600178657,29.428571428571427,5.233331166861194,2.020019034600675,99191.53428571428,19415.542439349847,2.0854017260020234,0.10857142857143032,False,True,True,True,MEDIUM
2026-02-20,29,94154.28,8,21,27.59,72.41,26494.81,36.23714285714286,4.769584331351909,-1.8129761959134663,29.142857142857142,4.7034507523297995,-0.030372836961539296,94939.44428571429,19971.92301974724,-0.039313404369622086,-8.647142857142857,True,False,False,True,MEDIUM
2026-02-21,33,110050.02,9,24,27.27,72.73,31991.4,34.84142857142857,5.674145444964583,-1.3343733686184762,30.0,4.780914437337566,0.6274950199005578,98927.46142857142,19803.179876649978,0.5616551806683958,-7.571428571428573,True,False,False,True,MEDIUM
2026-02-22,26,88083.54,7,19,26.92,73.08,21099.45,34.09571428571429,6.289789587992953,-1.1408512455508115,29.714285714285715,4.948716593053927,-0.750555349946515,96813.70857142856,20056.546659454336,-0.43527775342687464,-7.175714285714285,True,False,False,True,MEDIUM
2026-02-24,24,85270.03,5,19,20.83,79.17,17237.69,32.044285714285714,7.703646366944607,-1.455711383949921,27.285714285714285,2.91372543633872,-1.1276677770445633,92012.12285714285,9892.26364509545,-0.6815520793853446,-11.214285714285715,True,False,False,True,MEDIUM
2026-03-05,16,55422.48,9,7,56.25,43.75,35037.77,41.379999999999995,6.333518543657808,2.3478260776374245,26.857142857142858,5.409741779646131,-2.0069613854754187,98689.51000000001,22494.764915835087,-1.9234266355698777,14.870000000000005,False,True,False,True,LOW
2026-03-07,30,87578.65,7,23,23.33,76.67,20742.31,38.604285714285716,8.900794277788378,-1.716058728871216,27.857142857142858,6.151157183317419,0.3483665071458091,93529.98,21477.078012544294,-0.2771014751878239,-15.274285714285718,True,False,False,True,MEDIUM
2026-03-14,36,124817.27,9,27,25.0,75.0,23693.87,40.285714285714285,6.7902111415580375,-2.2511397609068933,30.857142857142858,4.050699108216518,1.2696221085454777,107506.17000000001,15529.490318505068,1.1147242855338235,-15.285714285714285,True,False,False,True,MEDIUM
2026-03-16,31,110747.63,9,22,29.03,70.97,33449.84,38.425714285714285,7.587237135277827,-1.2383577998409607,30.142857142857142,3.2701494692170225,0.26211121699831197,106330.11285714286,12437.827201106775,0.35516791409226667,-9.395714285714284,True,False,False,True,MEDIUM
2026-03-19,22,86536.44,4,18,18.18,81.82,13120.59,35.18571428571429,11.189668522018566,-1.519769263249501,28.714285714285715,4.266624149448016,-1.5736763959287015,99989.24,14791.378009676531,-0.9095028192234131,-17.00571428571429,True,False,False,True,MEDIUM
2026-03-21,39,145632.56,16,23,41.03,58.97,59627.74,36.20142857142857,10.55681151616127,0.4573891862310357,28.428571428571427,5.627918743883483,1.8783904054971974,101672.57714285715,21730.49567813905,2.022962729808632,4.828571428571429,False,False,True,True,LOW
2026-03-27,41,139653.87,12,29,29.27,70.73,34872.27,39.544285714285714,8.21842156750459,-1.2501531626109268,31.857142857142858,6.288960200872901,1.453794721357614,109650.88428571427,24478.183190307507,1.2257031284154227,-10.274285714285714,True,False,False,True,MEDIUM
2026-03-29,24,91781.49,6,18,25.0,75.0,22657.71,40.30428571428571,10.490440351839876,-1.4588792463417948,28.571428571428573,6.779320295831237,-0.674319603137744,98390.90857142858,23297.695966400628,-0.283694086357746,-15.304285714285712,True,False,False,True,MEDIUM
2026-04-01,37,119072.03,11,26,29.73,70.27,35793.47,38.31,9.64862832590357,-0.8892455704781754,29.714285714285715,6.9634614896879645,1.0462776733243284,98481.77285714286,24786.67341677533,0.8306986902454564,-8.580000000000002,True,False,False,True,MEDIUM
2026-04-03,29,97427.85,9,20,31.03,68.97,31436.43,38.71,9.46977296454356,-0.8110014916677755,26.857142857142858,5.111012519999508,0.4192627457812114,87918.55285714286,20827.887802928126,0.4565656024669129,-7.68,True,False,False,True,MEDIUM
2026-04-05,33,93639.26,8,25,24.24,75.76,28144.87,36.31285714285714,7.815575500765338,-1.544717614419426,28.285714285714285,5.174505793221374,0.9110600901174855,89101.2342857143,20096.46933114075,0.22581208865647576,-12.072857142857142,True,False,False,True,MEDIUM
2026-04-09,29,88059.73,9,20,31.03,68.97,26430.6,37.794285714285714,9.559038889438417,-0.7076324087099835,29.0,4.105745103771398,0.0,96002.75857142858,16529.54506160184,-0.48053521992448867,-6.7642857142857125,True,False,False,True,MEDIUM
2026-04-10,29,118298.16,5,24,17.24,82.76,18262.53,35.824285714285715,11.887468620529845,-1.5633509797191274,29.0,4.105745103771398,0.0,98984.23142857142,18304.60830384711,1.0551402275769723,-18.584285714285716,True,False,False,True,MEDIUM
2026-04-17,20,50667.43,7,13,35.0,65.0,13520.16,42.107142857142854,5.338415265883739,-1.3313207203198558,27.142857142857142,5.962467644202622,-1.197969962956902,90372.29714285715,27320.49003745393,-1.4532999623515301,-7.107142857142854,True,False,False,True,MEDIUM
2026-04-18,27,77639.37,9,18,33.33,66.67,29286.4,41.25571428571429,6.135589055765112,-1.2917609399324335,27.0,5.952190473142751,0.0,88341.91142857143,27661.072890258816,-0.38691707552458915,-7.925714285714292,True,False,False,True,MEDIUM
2026-04-21,27,87997.05,9,18,33.33,66.67,28901.99,41.36571428571428,8.177105420698979,-0.9827089015354032,26.571428571428573,4.624689730353888,0.09267030948228222,86518.75857142858,22080.61268837205,0.06694974679529204,-8.035714285714285,True,False,False,True,MEDIUM
2026-04-24,39,110891.84,13,26,33.33,66.67,35960.07,38.88285714285714,6.830594440322405,-0.8129390774655693,27.285714285714285,6.562105187346194,1.7851414111548451,86834.07857142856,21296.948804125765,1.1296341860910533,-5.5528571428571425,True,False,False,True,MEDIUM
2026-04-28,27,87843.46,7,20,25.93,74.07,30245.85,36.42857142857143,5.159511130140224,-2.0347996474398733,29.571428571428573,7.403804868485676,-0.3473117697055832,92407.73857142856,24293.41666529632,-0.187881294521603,-10.49857142857143,True,False,False,True,MEDIUM
2026-05-08,22,80869.7,6,16,27.27,72.73,15183.73,36.53285714285714,3.8940713702672074,-2.3787075947253458,28.285714285714285,3.325841921949368,-1.8899618301852583,99771.47285714284,16131.014762407842,-1.1717658892230423,-9.26285714285714,True,False,False,True,MEDIUM
2026-05-09,24,92999.61,5,19,20.83,79.17,14408.5,34.21714285714286,6.707472835333341,-1.9958549495158056,27.857142857142858,3.642156795423411,-1.059027129746196,99067.01857142856,16302.776639692309,-0.37217025697673267,-13.387142857142862,True,False,False,True,MEDIUM
2026-05-12,46,139671.93,20,26,43.48,56.52,57330.91,35.574285714285715,7.969690542733688,0.9919725544327771,29.142857142857142,7.2983084425398825,2.3097328634245016,101122.22857142857,17540.978506601874,2.1976938979808067,7.905714285714282,False,True,True,True,MEDIUM
2026-05-17,20,69253.64,7,13,35.0,65.0,24870.38,40.25857142857143,5.142771427857143,-1.0225170420927179,32.0,7.67184090405574,-1.564161737720104,109997.55285714286,24238.696713397723,-1.680944868402187,-5.258571428571429,True,False,False,True,MEDIUM
2026-05-24,21,70708.68,13,8,61.9,38.1,40410.29,47.0,7.615838758797383,1.9564489837430403,31.285714285714285,4.712120714991608,-2.1828206253269986,103967.2657142857,18712.651285632437,-1.7773315606977422,14.899999999999999,False,True,False,True,LOW
2026-05-26,25,93157.45,8,17,32.0,68.0,27134.68,45.817142857142855,8.635568827795437,-1.600026950473651,30.571428571428573,5.421047417431507,-1.0277402395547237,102557.76571428569,18473.320562872632,-0.50885901548086,-13.817142857142855,True,False,False,True,MEDIUM
2026-05-27,28,105681.89,8,20,28.57,71.43,25331.82,42.52571428571428,10.07176797807028,-1.3856270633021623,30.142857142857142,5.48839220351387,-0.3904344047215151,103888.4857142857,18314.2489938961,0.09792398729055231,-13.95571428571428,True,False,False,True,MEDIUM
2026-05-30,19,54622.1,6,13,31.58,68.42,18421.52,41.66571428571429,11.062709377702664,-0.9116857309876053,29.142857142857142,7.356796108333563,-1.3787057563505956,96408.59142857142,23200.950358595484,-1.8010680934494725,-10.085714285714289,True,False,False,True,MEDIUM
2026-06-02,27,90647.01,8,19,29.63,70.37,31440.44,39.752857142857145,8.965104914190862,-1.1291398416134182,30.571428571428573,6.253162465211226,-0.5711395779811925,98343.09285714287,20015.028998255788,-0.3845151989444306,-10.122857142857146,True,False,False,True,MEDIUM
2026-06-05,30,117830.44,8,22,26.67,73.33,36939.83,39.21857142857143,9.079843341271971,-1.3820251029588284,28.142857142857142,4.940461847368745,0.37590470577805574,92656.03857142858,18118.934800602856,1.3893974290218107,-12.548571428571428,True,False,False,True,MEDIUM
2026-06-06,21,56013.68,14,7,66.67,33.33,34532.85,44.23142857142857,12.515344214855894,1.792884881419124,28.428571428571427,4.435478484645728,-1.6748072286421574,92854.83571428571,17703.41332888486,-2.081019915756909,22.43857142857143,False,False,True,True,LOW
2026-06-10,26,84526.2,7,19,26.92,73.08,23148.44,43.839999999999996,13.8805640066554,-1.2189706406661327,28.714285714285715,3.6922422809486015,-0.7351320709074292,90352.31857142858,17364.4385583833,-0.33552012360433137,-16.919999999999995,True,False,False,True,MEDIUM
2026-06-11,21,68460.58,5,16,23.81,76.19,19345.02,40.544285714285714,15.420846611132665,-1.0851729568598942,27.142857142857142,4.257046978786108,-1.4429855187101484,86149.14,18553.16195506382,-0.9533986736515366,-16.734285714285715,True,False,False,True,MEDIUM
2026-06-15,37,128648.28,9,28,24.32,75.68,26115.53,36.792857142857144,11.66767049131392,-1.0690100609322701,28.857142857142858,4.580348440537546,1.7777811554226437,99357.2957142857,18289.99133452255,1.6014761160890905,-12.472857142857144,True,False,False,True,MEDIUM
2026-06-24,37,136065.14,21,16,56.76,43.24,74366.34,46.03000000000001,7.343743693006432,1.4611076378139867,26.428571428571427,5.038626311013845,2.0980775153578413,92418.3442857143,22323.403911479367,1.9552034218151302,10.72999999999999,False,True,False,True,LOW
2026-06-28,29,84577.0,9,20,31.03,68.97,31004.15,46.03285714285715,8.096432572939984,-1.8530206986469469,29.0,4.440077219405738,0.0,99432.14142857143,18104.33172323481,-0.8205296751995864,-15.002857142857145,True,False,False,True,MEDIUM
2026-06-29,26,77034.0,9,17,34.62,65.38,22698.23,44.48571428571429,9.039781693228258,-1.091366431238571,29.571428571428573,3.697765458727089,-0.9658342616078182,99660.34999999999,17808.06834589871,-1.2705673383835006,-9.86571428571429,True,False,False,True,MEDIUM
2026-06-30,29,95381.49,10,19,34.48,65.52,32675.79,41.47428571428571,8.332528097150115,-0.8393953950995853,29.857142857142858,3.562846832382843,-0.24057808192938732,98608.47428571428,17812.282725788522,-0.1811662399138921,-6.994285714285716,True,False,False,True,MEDIUM
2026-07-01,37,128018.6,16,21,43.24,56.76,64257.09,39.542857142857144,5.724245962284888,0.645874213215518,29.857142857142858,3.562846832382843,2.0048173494115593,97458.96857142857,15462.609536334885,1.9763566658500133,3.6971428571428575,False,True,False,True,LOW
2026-07-02,32,96273.18,10,22,31.25,68.75,22650.53,37.94714285714286,6.233989124803104,-1.0742949214487734,29.714285714285715,3.452298849598457,0.6620847108818926,96049.70428571428,15051.453950548464,0.014847450287523163,-6.6971428571428575,True,False,False,True,MEDIUM
2026-07-08,25,84927.94,8,17,32.0,68.0,21363.28,39.58,6.703640801833003,-1.1307288418447732,28.0,3.5456210417116867,-0.8461141122266461,100985.15,14279.450473388062,-1.1244977550029014,-7.579999999999998,True,False,False,True,MEDIUM
2026-07-11,33,97109.34,12,21,36.36,63.64,44936.94,41.52571428571429,5.280521773847917,-0.9782583060821338,26.428571428571427,4.655477353371534,1.4115477474440923,89803.84142857141,17576.862418220946,0.41563155002313645,-5.165714285714287,True,False,False,True,MEDIUM
2026-07-12,29,98033.65,8,21,27.59,72.41,25362.86,39.25571428571429,7.0660351726569175,-1.6509561586753094,27.285714285714285,4.494895063586375,0.38138503569823623,90301.20714285714,17752.564898521534,0.43556764339933945,-11.66571428571429,True,False,False,True,MEDIUM
2026-07-14,23,74087.32,6,17,26.09,73.91,22129.74,35.59285714285714,6.623716510250362,-1.4346714760740802,26.142857142857142,4.421653583012061,-0.7107877367263599,83955.42285714285,13054.886486195384,-0.755893424854951,-9.502857142857142,True,False,False,True,MEDIUM
2026-07-15,18,65905.32,4,14,22.22,77.78,20542.31,34.19571428571429,8.100934438415738,-1.4783127029054595,25.142857142857142,5.2760529464626975,-1.353825902684702,81237.90571428572,14472.518567371326,-1.0594276070823934,-11.97571428571429,True,False,False,True,MEDIUM
2026-07-20,33,114293.56,9,24,27.27,72.73,33827.01,36.41571428571429,11.212272430744115,-0.8156878404628028,24.857142857142858,4.703450752329825,1.7312517068077364,81226.9542857143,16933.169405468896,1.9527712103090518,-9.145714285714288,True,False,False,True,MEDIUM
2026-07-23,25,85104.79,7,18,28.0,72.0,30392.96,41.03142857142858,9.699579414403845,-1.3435044979452353,27.0,3.8172540616821258,-0.5239368319955817,94715.24571428572,21343.738913056193,-0.4502704869767173,-13.031428571428577,True,False,False,True,MEDIUM
2026-07-27,34,133511.26,11,23,32.35,67.65,42137.93,39.87285714285714,7.850600912916016,-0.9582523970210151,28.285714285714285,3.0101867865293674,1.8983159915049899,97590.20999999999,25257.77565866682,1.4221778863442498,-7.522857142857141,True,False,False,True,MEDIUM
2026-07-29,41,146836.16,15,26,36.59,63.41,45318.81,38.48142857142857,7.247152009230808,-0.26098922294156773,30.142857142857142,5.3832696232619375,2.0168305912502453,98827.23571428574,29311.19150787525,1.6379042207416017,-1.8914285714285697,False,True,False,True,LOW
2026-08-02,29,102918.11,10,19,34.48,65.52,34811.51,40.15571428571428,5.885512132450731,-0.9643535104481918,30.285714285714285,6.942915931555927,-0.18518361714141518,108915.09571428572,23595.94676317335,-0.2541532142988784,-5.675714285714285,True,False,False,True,MEDIUM
2026-08-07,37,111312.2,14,23,37.84,62.16,43490.55,43.49142857142857,8.893561762102225,-0.6354516584694753,24.285714285714285,6.13454587245256,2.0725716261051623,83579.69571428571,17560.324276672916,1.579270624435681,-5.651428571428568,True,True,False,True,HIGH
2026-08-09,22,78752.65,6,16,27.27,72.73,23803.13,42.39714285714285,10.181597845813684,-1.4857336821020293,23.0,5.952190473142784,-0.16800537625806106,77557.49285714285,15902.532181239583,0.07515514694364774,-15.127142857142854,True,False,False,True,MEDIUM
2026-08-10,21,77717.37,6,15,28.57,71.43,22879.23,41.215714285714284,11.187953798799935,-1.1302973281021875,23.285714285714285,5.79936660862415,-0.3941317112657154,77941.47428571428,15869.271425710727,-0.01412190135907594,-12.645714285714284,True,False,False,True,MEDIUM
2026-08-11,23,89479.48,6,17,26.09,73.91,19160.19,38.99,12.364097795056237,-1.0433434136341144,23.142857142857142,5.792324266489537,-0.02466318118334931,79408.61857142857,16385.039366646408,0.6146376095422633,-12.900000000000002,True,False,False,True,MEDIUM
2026-08-16,21,78843.44,7,14,33.33,66.67,21510.3,38.895714285714284,10.867384830824053,-0.5121484489927876,23.857142857142858,3.870347766898338,-0.738213470525556,85289.66,11766.211185881775,-0.5478586010537353,-5.565714285714286,True,False,False,True,MEDIUM
2026-08-20,31,92953.58,10,21,32.26,67.74,26978.48,39.598571428571425,6.151384115027489,-1.1929951522038278,26.142857142857142,5.565931353936634,0.8726559039768845,91011.78142857143,18223.375829689863,0.10655537094641711,-7.338571428571427,True,False,False,True,MEDIUM
2026-08-24,33,103531.86,12,21,36.36,63.64,35276.1,43.521428571428565,7.788314375802182,-0.9195094375849397,30.285714285714285,3.7688302737922696,0.7201931413999572,98312.92571428571,17386.321161626554,0.3001747314568783,-7.161428571428566,True,False,False,True,MEDIUM
2026-08-26,20,68426.59,6,14,30.0,70.0,22351.85,44.93142857142857,11.014274411704433,-1.3556434144732703,29.142857142857142,4.1206300291017115,-2.2188007849009113,96363.07857142856,14384.813580795524,-1.9420820724938161,-14.931428571428569,True,True,False,True,HIGH
2026-08-29,40,135110.9,11,29,27.5,72.5,35206.26,41.864285714285714,10.73934136999215,-1.3375387949229713,31.0,5.554920598635312,1.6201851746019642,102863.37142857144,19440.18816317329,1.658807430296224,-14.364285714285714,True,False,False,True,MEDIUM
2026-08-30,31,93501.94,9,22,29.03,70.97,32444.24,38.86857142857143,10.974275672253386,-0.8965121455301696,31.142857142857142,5.54020555133295,-0.02578553115646973,103658.62142857142,18920.152711657487,-0.5368181527580097,-9.838571428571427,True,False,False,True,MEDIUM
2026-09-01,36,122018.41,11,25,30.56,69.44,29552.62,38.31,11.888489030510632,-0.6518910838972383,31.428571428571427,5.753437304457792,0.7945560765712363,106782.07571428572,20251.55828220129,0.7523536743888597,-7.7500000000000036,True,False,False,True,MEDIUM
2026-09-05,21,76317.24,11,10,52.38,47.62,47864.77,43.90714285714286,11.634760374824754,0.7282364973489851,30.0,4.407785320154717,-2.0418417291893185,101683.21571428573,15200.0572259814,-1.6688079088891692,8.472857142857144,False,True,False,True,LOW
2026-09-09,33,111221.93,9,24,27.27,72.73,32571.98,42.75285714285714,8.049267427688642,-1.9235113359009195,29.428571428571427,5.525451315946775,0.6463596124937744,94990.81857142856,16917.61514791134,0.9594207745395682,-15.482857142857139,True,False,False,True,MEDIUM
2026-09-10,28,92661.92,7,21,25.0,75.0,19813.84,41.222857142857144,10.019343739965814,-1.619153665538627,29.428571428571427,5.525451315946775,-0.2585438449975094,95239.09857142858,16868.791324543992,-0.15277790339837805,-16.222857142857144,True,False,False,True,MEDIUM
2026-09-11,33,104083.48,11,22,33.33,66.67,33152.92,39.49142857142857,10.18510316740152,-0.6049451311547697,29.428571428571427,5.525451315946775,0.6463596124937744,94525.28,16366.223073594454,0.5840199022718541,-6.161428571428573,True,False,False,True,MEDIUM
2026-09-18,29,92397.63,11,18,37.93,62.07,36205.49,44.940000000000005,6.668634471485613,-1.051189719570631,30.428571428571427,5.447335989982176,-0.26225138878868776,99410.06428571428,16629.641234899827,-0.4216828364882351,-7.010000000000005,True,False,False,True,MEDIUM
2026-09-21,37,110714.82,9,28,24.32,75.68,31369.76,42.06,8.35556957107911,-2.123134736547817,31.285714285714285,4.831867007225073,1.182624791978166,98292.04142857144,14516.974644460084,0.8557415629412364,-17.740000000000002,True,False,False,True,MEDIUM
2026-09-24,27,74691.33,8,19,29.63,70.37,23024.43,38.854285714285716,8.224032478296868,-1.1216256427280056,29.142857142857142,4.672979209656035,-0.4585633803868072,91362.78428571428,17219.519473652,-0.9681718651454632,-9.224285714285717,True,False,False,True,MEDIUM
2026-09-25,26,80055.72,8,18,30.77,69.23,23430.45,37.83142857142857,8.706489252393347,-0.8110534989160454,28.714285714285715,4.80221037542046,-0.5652159114432934,89599.65428571429,17649.772809767925,-0.5407397811054194,-7.061428571428568,True,False,False,True,MEDIUM
2026-09-30,24,81288.1,7,17,29.17,70.83,27845.2,35.73285714285714,6.366619902239471,-1.0308228296381636,27.428571428571427,1.9166296949998156,-1.7888543819998348,86871.03714285714,8257.406587317597,-0.6761126612599972,-6.5628571428571405,True,False,False,True,MEDIUM
2026-10-04,37,132661.97,8,29,21.62,78.38,42037.3,40.98571428571428,12.26916559876001,-1.5784051596525428,28.571428571428573,4.030495994190252,2.0911995547745907,97094.94428571429,16072.30758694666,2.2129383426666096,-19.36571428571428,True,True,True,True,HIGH
2026-10-06,28,106549.4,9,19,32.14,67.86,30726.4,41.120000000000005,12.802227484755484,-0.7014404337599159,29.571428571428573,4.562491263620374,-0.3444233600968326,101402.70714285714,15234.031521696663,0.33784181487433695,-8.980000000000004,True,False,False,True,MEDIUM
2026-10-09,30,91650.86,11,19,36.67,63.33,38872.17,41.728571428571435,10.99764056328374,-0.45996879052946743,30.285714285714285,4.130523512800274,-0.06917144638660722,103008.87857142858,13772.748444381421,-0.8246733480463784,-5.058571428571433,True,False,False,True,MEDIUM
2026-10-11,39,128718.27,15,24,38.46,61.54,58794.95,43.894285714285715,7.389449732350785,-0.7354114191337654,30.142857142857142,5.138887356744272,1.7235526374242762,98385.75428571428,16338.445543994701,1.8565117246074017,-5.434285714285714,True,False,False,True,MEDIUM
2026-10-12,28,91510.27,10,18,35.71,64.29,29127.27,41.64857142857142,7.1426354251303295,-0.8314258078576175,29.142857142857142,4.763809143009446,-0.23990405756162683,97112.2642857143,16476.72022944217,-0.3399945018004319,-5.9385714285714215,True,False,False,True,MEDIUM
2026-10-13,23,82982.46,7,16,30.43,69.57,22984.93,41.40428571428571,7.484711764930017,-1.4662268981026452,28.428571428571427,5.233331166861198,-1.037307071821967,93745.55857142857,16611.63556810052,-0.6479252766715544,-10.974285714285713,True,False,False,True,MEDIUM
2026-10-18,25,75833.25,5,20,20.0,80.0,10795.23,37.38857142857143,9.524964834687882,-1.8255785433712026,27.0,4.690415759823424,-0.42640143271122133,90758.09857142856,17255.389585192865,-0.8649383717326106,-17.38857142857143,True,False,False,True,MEDIUM
2026-10-21,37,123713.97,14,23,37.84,62.16,46495.72,39.59285714285714,9.11439946189657,-0.19231734906782272,28.142857142857142,4.549052379454471,1.9470303083661171,92679.26857142856,15121.10546884093,2.052409560433436,-1.7528571428571382,False,False,True,True,LOW
2026-10-25,20,62297.75,6,14,30.0,70.0,17800.79,37.92285714285715,4.292261189914818,-1.845846930627812,29.857142857142858,4.940461847368738,-1.9951865152835289,99817.30000000002,18203.353097621435,-2.061134000905721,-7.922857142857147,True,False,True,True,HIGH
2026-10-27,28,106158.54,9,19,32.14,67.86,35127.41,37.71857142857142,5.839125248996579,-0.955377936023905,29.0,5.182387756347728,-0.19296124624699001,101454.6,18060.960587303,0.26044794114145264,-5.578571428571422,True,False,False,True,MEDIUM
2026-10-31,32,131864.57,8,24,25.0,75.0,27844.1,37.529999999999994,7.894403080664173,-1.5872004345318809,26.428571428571427,4.92391083988973,1.1315047637120381,95081.01285714286,25166.78982692961,1.46159114435394,-12.529999999999994,True,False,False,True,MEDIUM
2026-11-04,42,143663.49,18,24,42.86,57.14,57552.17,41.589999999999996,7.788491509913851,0.16306110090553988,31.428571428571427,4.655477353371527,2.270750724149195,112465.45571428571,17606.66989085892,1.771944068873113,1.2700000000000031,False,True,False,True,LOW
2026-11-05,26,99716.46,6,20,23.08,76.92,23948.17,38.48285714285714,9.922314986628756,-1.5523451093433267,31.0,4.985693819032903,-1.0028694463571917,111274.07285714286,18138.84091189133,-0.637174829046877,-15.402857142857144,True,False,False,True,MEDIUM
2026-11-08,25,97341.55,6,19,24.0,76.0,15374.18,36.464285714285715,9.420513873067279,-1.3231004043123815,30.0,5.3718844791323335,-0.9307720632159983,107391.37000000001,17642.60975800664,-0.5696334123946235,-12.464285714285715,True,False,False,True,MEDIUM
2026-11-12,42,125639.22,22,20,52.38,47.62,66063.3,43.69857142857143,10.671892894851586,0.8134853541883591,30.571428571428573,5.287644435234787,2.161372907833196,101405.20857142856,13804.65448161219,1.7554956888527098,8.681428571428576,False,True,False,True,LOW
2026-11-14,24,89471.44,7,17,29.17,70.83,27942.46,43.762857142857136,11.486140361677782,-1.2704752582986505,28.285714285714285,6.249897958350669,-0.685725481323742,95500.18571428572,12832.090288371117,-0.4698179001864703,-14.592857142857135,True,False,False,True,MEDIUM
2026-11-16,39,130566.19,15,24,38.46,61.54,59994.56,43.94428571428572,7.505473920780107,-0.7307047858898816,29.285714285714285,7.515969393123372,1.2924860661584998,98837.3,18924.43643637878,1.6766095046828973,-5.484285714285718,True,False,False,True,MEDIUM
2026-11-17,24,81846.34,9,15,37.5,62.5,32524.29,42.63428571428572,7.712805413527484,-0.6656832940813854,28.428571428571427,7.724860476911867,-0.5732882091278647,97765.25428571428,19630.848428572666,-0.8109132085470302,-5.134285714285717,True,False,False,True,MEDIUM
2026-11-18,27,83608.52,8,19,29.63,70.37,23587.42,39.43857142857143,7.80401257334315,-1.2568625865718652,28.714285714285715,7.62915995589639,-0.2247017658819417,96496.31571428571,20209.320166753183,-0.637715450492378,-9.80857142857143,True,False,False,True,MEDIUM
2026-11-20,31,119018.1,9,22,29.03,70.97,32310.2,34.67857142857143,5.183846968010828,-1.0896485686071338,28.428571428571427,5.287644435234779,0.4863089042624701,96802.98714285715,18430.28921797303,1.205358884736269,-5.6485714285714295,True,False,False,True,MEDIUM
2026-11-23,17,59512.5,5,12,29.41,70.59,16629.55,32.76285714285714,3.4927832303018076,-0.959938513724319,27.0,4.869731585445505,-2.0535012709710068,85862.22142857143,17144.751148773874,-1.536897281268259,-3.352857142857143,False,True,False,True,LOW
2026-11-30,28,108738.52,9,19,32.14,67.86,38300.04,37.75857142857143,4.703610857845348,-1.1945230161206852,26.714285714285715,4.025429372458661,0.3193980484444553,95441.19285714286,17874.026688947015,0.7439469222164684,-5.618571428571428,True,False,False,True,MEDIUM
2026-12-02,32,103498.8,9,23,28.13,71.88,28634.64,37.635714285714286,5.860979579614051,-1.6218644266868856,28.142857142857142,4.223355856884131,0.9132886235138483,102058.81428571428,15913.64890096349,0.09048746288467745,-9.505714285714287,True,False,False,True,MEDIUM
2026-12-04,38,131938.41,14,24,36.84,63.16,50098.23,37.07857142857143,5.5946260658176605,-0.04264296232934351,31.571428571428573,3.6589281356759287,1.7569548212468105,112836.45857142856,9120.65154481115,2.0943625940230963,-0.23857142857142577,False,False,True,True,LOW
2026-12-05,25,75406.35,8,17,32.0,68.0,23315.28,36.35857142857143,5.870756652550782,-0.7424207281147783,31.285714285714285,4.060762972443411,-1.5479145984066374,108755.61714285715,15982.891664186795,-2.0865602948172115,-4.35857142857143,False,False,True,True,LOW
2026-12-06,20,63187.24,5,15,25.0,75.0,15549.69,34.62428571428571,7.057040774276132,-1.3637849095852663,29.142857142857142,5.303060340934453,-1.7240718670091688,100879.17285714285,21839.857984284237,-1.7258323238303852,-9.624285714285712,True,False,False,True,MEDIUM
2026-12-09,26,70097.02,6,20,23.08,76.92,15786.92,39.035714285714285,13.265422137640238,-1.2028048651720193,28.428571428571427,5.678459118386224,-0.42768141461263337,91977.92285714285,24571.856493923915,-0.8904863522442238,-15.955714285714286,True,False,False,True,MEDIUM
2026-12-10,30,95786.7,9,21,30.0,70.0,27248.64,36.62428571428571,13.154067113735316,-0.5035922089350383,28.142857142857142,5.540205551332944,0.33521190503410814,89853.70714285714,23483.961842783374,0.25264020171988444,-6.624285714285712,True,False,False,True,MEDIUM
2026-12-14,7,24820.39,6,1,85.71,14.29,23443.57,45.61857142857143,19.02413311602728,2.1073984463267186,27.285714285714285,9.497582936339803,-2.1358817734664637,85716.1357142857,29907.405354037488,-2.0361427209553904,40.091428571428565,False,True,True,True,MEDIUM
